<?xml version="1.0" encoding="UTF-8"?>
<GenRun Id="impl_1" LaunchPart="xc7z020clg400-1" LaunchTime="1714676075">
  <File Type="ROUTE-PWR" Name="puf_power_routed.rpt"/>
  <File Type="PA-TCL" Name="puf.tcl"/>
  <File Type="ROUTE-PWR-SUM" Name="puf_power_summary_routed.pb"/>
  <File Type="REPORTS-TCL" Name="puf_reports.tcl"/>
  <File Type="BITSTR-MSK" Name="puf.msk"/>
  <File Type="ROUTE-CLK" Name="puf_clock_utilization_routed.rpt"/>
  <File Type="RDI-RDI" Name="puf.vdi"/>
  <File Type="POSTROUTE-PHYSOPT-BUS-SKEW-PB" Name="puf_bus_skew_postroute_physopted.pb"/>
  <File Type="BG-BIT" Name="puf.bit"/>
  <File Type="BG-DRC" Name="puf.drc"/>
  <File Type="BG-BGN" Name="puf.bgn"/>
  <File Type="BG-BIN" Name="puf.bin"/>
  <File Type="BITSTR-RBT" Name="puf.rbt"/>
  <File Type="BITSTR-NKY" Name="puf.nky"/>
  <File Type="BITSTR-BMM" Name="puf_bd.bmm"/>
  <File Type="BITSTR-MMI" Name="puf.mmi"/>
  <File Type="ROUTE-METHODOLOGY-DRC" Name="puf_methodology_drc_routed.rpt"/>
  <File Type="BITSTR-SYSDEF" Name="puf.sysdef"/>
  <File Type="BITSTR-LTX" Name="debug_nets.ltx"/>
  <File Type="BITSTR-LTX" Name="puf.ltx"/>
  <File Type="WBT-USG" Name="usage_statistics_webtalk.html"/>
  <File Type="OPT-DRC" Name="puf_drc_opted.rpt"/>
  <File Type="OPT-HWDEF" Name="puf.hwdef"/>
  <File Type="PLACE-IO" Name="puf_io_placed.rpt"/>
  <File Type="PLACE-UTIL" Name="puf_utilization_placed.rpt"/>
  <File Type="PLACE-UTIL-PB" Name="puf_utilization_placed.pb"/>
  <File Type="PLACE-CTRL" Name="puf_control_sets_placed.rpt"/>
  <File Type="PLACE-PRE-SIMILARITY" Name="puf_incremental_reuse_pre_placed.rpt"/>
  <File Type="ROUTE-DRC" Name="puf_drc_routed.rpt"/>
  <File Type="ROUTE-DRC-PB" Name="puf_drc_routed.pb"/>
  <File Type="ROUTE-PWR-RPX" Name="puf_power_routed.rpx"/>
  <File Type="ROUTE-STATUS" Name="puf_route_status.rpt"/>
  <File Type="ROUTE-STATUS-PB" Name="puf_route_status.pb"/>
  <File Type="ROUTE-DCP" Name="puf_routed.dcp"/>
  <File Type="ROUTE-ERROR-DCP" Name="puf_routed_error.dcp"/>
  <File Type="ROUTE-BLACKBOX-DCP" Name="puf_routed_bb.dcp"/>
  <File Type="ROUTE-TIMINGSUMMARY" Name="puf_timing_summary_routed.rpt"/>
  <File Type="ROUTE-TIMING-PB" Name="puf_timing_summary_routed.pb"/>
  <File Type="ROUTE-TIMING-RPX" Name="puf_timing_summary_routed.rpx"/>
  <File Type="ROUTE-SIMILARITY" Name="puf_incremental_reuse_routed.rpt"/>
  <File Type="ROUTE-BUS-SKEW" Name="puf_bus_skew_routed.rpt"/>
  <File Type="ROUTE-BUS-SKEW-PB" Name="puf_bus_skew_routed.pb"/>
  <File Type="ROUTE-BUS-SKEW-RPX" Name="puf_bus_skew_routed.rpx"/>
  <File Type="OPT-DCP" Name="puf_opt.dcp"/>
  <File Type="PLACE-DCP" Name="puf_placed.dcp"/>
  <File Type="PWROPT-DCP" Name="puf_pwropt.dcp"/>
  <File Type="POSTPLACE-PWROPT-DCP" Name="puf_postplace_pwropt.dcp"/>
  <File Type="PHYSOPT-DCP" Name="puf_physopt.dcp"/>
  <File Type="POSTROUTE-PHYSOPT-DCP" Name="puf_postroute_physopt.dcp"/>
  <File Type="POSTROUTE-PHYSOPT-BLACKBOX-DCP" Name="puf_postroute_physopt_bb.dcp"/>
  <File Type="POSTROUTE-PHYSOPT-TIMING" Name="puf_timing_summary_postroute_physopted.rpt"/>
  <File Type="POSTROUTE-PHYSOPT-TIMING-PB" Name="puf_timing_summary_postroute_physopted.pb"/>
  <File Type="POSTROUTE-PHYSOPT-TIMING-RPX" Name="puf_timing_summary_postroute_physopted.rpx"/>
  <File Type="POSTROUTE-PHYSOPT-BUS-SKEW" Name="puf_bus_skew_postroute_physopted.rpt"/>
  <File Type="POSTROUTE-PHYSOPT-BUS-SKEW-RPX" Name="puf_bus_skew_postroute_physopted.rpx"/>
  <File Type="ROUTE-METHODOLOGY-DRC-PB" Name="puf_methodology_drc_routed.pb"/>
  <File Type="ROUTE-DRC-RPX" Name="puf_drc_routed.rpx"/>
  <File Type="ROUTE-METHODOLOGY-DRC-RPX" Name="puf_methodology_drc_routed.rpx"/>
  <File Type="PDI-FILE" Name="puf.pdi"/>
  <File Type="BOOT-PDI-FILE" Name="puf_boot.pdi"/>
  <File Type="PL-PDI-FILE" Name="puf_pld.pdi"/>
  <File Type="RCFI_FILE" Name="puf.rcfi"/>
  <File Type="CFI_FILE" Name="puf.cfi"/>
  <File Type="RNPI_FILE" Name="puf.rnpi"/>
  <File Type="NPI_FILE" Name="puf.npi"/>
  <File Type="RBD_FILE" Name="puf.rbd"/>
  <File Type="ROUTE-RQS" Name="puf_routed.rqs"/>
  <File Type="POSTROUTE-PHYSOPT-RQS" Name="puf_postroute_physopted.rqs"/>
  <File Type="ROUTE-RQS-RPT" Name="route_report_qor_suggestions_0.rpt"/>
  <File Type="POSTROUTE-PHYSOPT-RQS-RPT" Name="postroute_physopt_report_qor_suggestions_0.rpt"/>
  <FileSet Name="sources" Type="DesignSrcs" RelSrcDir="$PSRCDIR/sources_1" RelGenDir="$PGENDIR/sources_1">
    <Filter Type="Srcs"/>
    <File Path="$PSRCDIR/sources_1/new/Asr.vhd">
      <FileInfo>
        <Attr Name="ImportPath" Val="$PPRDIR/../project_6/project_6.srcs/sources_1/new/Asr.vhd"/>
        <Attr Name="ImportTime" Val="1714259994"/>
        <Attr Name="UsedIn" Val="synthesis"/>
        <Attr Name="UsedIn" Val="simulation"/>
      </FileInfo>
    </File>
    <File Path="$PSRCDIR/sources_1/new/bit0.vhd">
      <FileInfo>
        <Attr Name="ImportPath" Val="$PPRDIR/../project_6/project_6.srcs/sources_1/new/bit0.vhd"/>
        <Attr Name="ImportTime" Val="1714259607"/>
        <Attr Name="UsedIn" Val="synthesis"/>
        <Attr Name="UsedIn" Val="simulation"/>
      </FileInfo>
    </File>
    <File Path="$PSRCDIR/sources_1/new/mux.vhd">
      <FileInfo>
        <Attr Name="ImportPath" Val="$PPRDIR/../project_6/project_6.srcs/sources_1/new/mux.vhd"/>
        <Attr Name="ImportTime" Val="1714259949"/>
        <Attr Name="UsedIn" Val="synthesis"/>
        <Attr Name="UsedIn" Val="simulation"/>
      </FileInfo>
    </File>
    <File Path="$PSRCDIR/sources_1/new/puf.vhd">
      <FileInfo>
        <Attr Name="ImportPath" Val="$PPRDIR/../project_6/project_6.srcs/sources_1/new/puf.vhd"/>
        <Attr Name="ImportTime" Val="1714260388"/>
        <Attr Name="UsedIn" Val="synthesis"/>
        <Attr Name="UsedIn" Val="simulation"/>
      </FileInfo>
    </File>
    <Config>
      <Option Name="DesignMode" Val="RTL"/>
      <Option Name="TopModule" Val="puf"/>
      <Option Name="TopAutoSet" Val="TRUE"/>
    </Config>
  </FileSet>
  <FileSet Name="constrs_in" Type="Constrs" RelSrcDir="$PSRCDIR/constrs_1" RelGenDir="$PGENDIR/constrs_1">
    <Filter Type="Constrs"/>
    <Config>
      <Option Name="ConstrsType" Val="XDC"/>
    </Config>
  </FileSet>
  <FileSet Name="utils" Type="Utils" RelSrcDir="$PSRCDIR/utils_1" RelGenDir="$PGENDIR/utils_1">
    <Filter Type="Utils"/>
    <File Path="$PSRCDIR/utils_1/imports/synth_1/puf.dcp">
      <FileInfo>
        <Attr Name="ImportPath" Val="$PPRDIR/../project_6/project_6.srcs/utils_1/imports/synth_1/puf.dcp"/>
        <Attr Name="ImportTime" Val="1714260346"/>
        <Attr Name="UsedIn" Val="synthesis"/>
        <Attr Name="UsedIn" Val="implementation"/>
        <Attr Name="UsedInSteps" Val="synth_1"/>
        <Attr Name="AutoDcp" Val="1"/>
      </FileInfo>
    </File>
    <Config>
      <Option Name="TopAutoSet" Val="TRUE"/>
    </Config>
  </FileSet>
  <Strategy Version="1" Minor="2">
    <StratHandle Name="Vivado Implementation Defaults" Flow="Vivado Implementation 2023"/>
    <Step Id="init_design"/>
    <Step Id="opt_design"/>
    <Step Id="power_opt_design"/>
    <Step Id="place_design"/>
    <Step Id="post_place_power_opt_design"/>
    <Step Id="phys_opt_design"/>
    <Step Id="route_design"/>
    <Step Id="post_route_phys_opt_design"/>
    <Step Id="write_bitstream"/>
    <Step Id="write_device_image"/>
  </Strategy>
</GenRun>
