<?xml version="1.0" encoding="UTF-8"?>
<GenRun Id="synth_1" LaunchPart="xc7z020clg400-1" LaunchTime="1714676029" LaunchIncrCheckpoint="$PSRCDIR/utils_1/imports/synth_1/puf.dcp">
  <File Type="PA-TCL" Name="puf.tcl"/>
  <File Type="REPORTS-TCL" Name="puf_reports.tcl"/>
  <File Type="RDS-RDS" Name="puf.vds"/>
  <File Type="RDS-UTIL" Name="puf_utilization_synth.rpt"/>
  <File Type="RDS-UTIL-PB" Name="puf_utilization_synth.pb"/>
  <File Type="RDS-DCP" Name="puf.dcp"/>
  <FileSet Name="sources" Type="DesignSrcs" RelSrcDir="$PSRCDIR/sources_1" RelGenDir="$PGENDIR/sources_1">
    <Filter Type="Srcs"/>
    <File Path="$PSRCDIR/sources_1/new/Asr.vhd">
      <FileInfo>
        <Attr Name="ImportPath" Val="$PPRDIR/../project_6/project_6.srcs/sources_1/new/Asr.vhd"/>
        <Attr Name="ImportTime" Val="1714259994"/>
        <Attr Name="UsedIn" Val="synthesis"/>
        <Attr Name="UsedIn" Val="simulation"/>
      </FileInfo>
    </File>
    <File Path="$PSRCDIR/sources_1/new/bit0.vhd">
      <FileInfo>
        <Attr Name="ImportPath" Val="$PPRDIR/../project_6/project_6.srcs/sources_1/new/bit0.vhd"/>
        <Attr Name="ImportTime" Val="1714259607"/>
        <Attr Name="UsedIn" Val="synthesis"/>
        <Attr Name="UsedIn" Val="simulation"/>
      </FileInfo>
    </File>
    <File Path="$PSRCDIR/sources_1/new/mux.vhd">
      <FileInfo>
        <Attr Name="ImportPath" Val="$PPRDIR/../project_6/project_6.srcs/sources_1/new/mux.vhd"/>
        <Attr Name="ImportTime" Val="1714259949"/>
        <Attr Name="UsedIn" Val="synthesis"/>
        <Attr Name="UsedIn" Val="simulation"/>
      </FileInfo>
    </File>
    <File Path="$PSRCDIR/sources_1/new/puf.vhd">
      <FileInfo>
        <Attr Name="ImportPath" Val="$PPRDIR/../project_6/project_6.srcs/sources_1/new/puf.vhd"/>
        <Attr Name="ImportTime" Val="1714260388"/>
        <Attr Name="UsedIn" Val="synthesis"/>
        <Attr Name="UsedIn" Val="simulation"/>
      </FileInfo>
    </File>
    <Config>
      <Option Name="DesignMode" Val="RTL"/>
      <Option Name="TopModule" Val="puf"/>
      <Option Name="TopAutoSet" Val="TRUE"/>
    </Config>
  </FileSet>
  <FileSet Name="constrs_in" Type="Constrs" RelSrcDir="$PSRCDIR/constrs_1" RelGenDir="$PGENDIR/constrs_1">
    <Filter Type="Constrs"/>
    <Config>
      <Option Name="ConstrsType" Val="XDC"/>
    </Config>
  </FileSet>
  <FileSet Name="utils" Type="Utils" RelSrcDir="$PSRCDIR/utils_1" RelGenDir="$PGENDIR/utils_1">
    <Filter Type="Utils"/>
    <File Path="$PSRCDIR/utils_1/imports/synth_1/puf.dcp">
      <FileInfo>
        <Attr Name="ImportPath" Val="$PPRDIR/../project_6/project_6.srcs/utils_1/imports/synth_1/puf.dcp"/>
        <Attr Name="ImportTime" Val="1714260346"/>
        <Attr Name="UsedIn" Val="synthesis"/>
        <Attr Name="UsedIn" Val="implementation"/>
        <Attr Name="UsedInSteps" Val="synth_1"/>
        <Attr Name="AutoDcp" Val="1"/>
      </FileInfo>
    </File>
    <Config>
      <Option Name="TopAutoSet" Val="TRUE"/>
    </Config>
  </FileSet>
  <Strategy Version="1" Minor="2">
    <StratHandle Name="Vivado Synthesis Defaults" Flow="Vivado Synthesis 2023"/>
    <Step Id="synth_design"/>
  </Strategy>
</GenRun>
