<?xml version="1.0" encoding="UTF-8"?>
<GenRun Id="impl_1" LaunchPart="xc7z020clg400-1" LaunchTime="1714061644">
  <File Type="ROUTE-PWR" Name="OneBitPUF_power_routed.rpt"/>
  <File Type="PA-TCL" Name="OneBitPUF.tcl"/>
  <File Type="ROUTE-PWR-SUM" Name="OneBitPUF_power_summary_routed.pb"/>
  <File Type="REPORTS-TCL" Name="OneBitPUF_reports.tcl"/>
  <File Type="BITSTR-MSK" Name="OneBitPUF.msk"/>
  <File Type="ROUTE-CLK" Name="OneBitPUF_clock_utilization_routed.rpt"/>
  <File Type="RDI-RDI" Name="OneBitPUF.vdi"/>
  <File Type="BG-BIT" Name="OneBitPUF.bit"/>
  <File Type="BG-DRC" Name="OneBitPUF.drc"/>
  <File Type="BG-BGN" Name="OneBitPUF.bgn"/>
  <File Type="BG-BIN" Name="OneBitPUF.bin"/>
  <File Type="BITSTR-RBT" Name="OneBitPUF.rbt"/>
  <File Type="BITSTR-NKY" Name="OneBitPUF.nky"/>
  <File Type="BITSTR-BMM" Name="OneBitPUF_bd.bmm"/>
  <File Type="BITSTR-MMI" Name="OneBitPUF.mmi"/>
  <File Type="ROUTE-METHODOLOGY-DRC" Name="OneBitPUF_methodology_drc_routed.rpt"/>
  <File Type="BITSTR-SYSDEF" Name="OneBitPUF.sysdef"/>
  <File Type="ROUTE-METHODOLOGY-DRC-PB" Name="OneBitPUF_methodology_drc_routed.pb"/>
  <File Type="BITSTR-LTX" Name="debug_nets.ltx"/>
  <File Type="BITSTR-LTX" Name="OneBitPUF.ltx"/>
  <File Type="WBT-USG" Name="usage_statistics_webtalk.html"/>
  <File Type="OPT-DRC" Name="OneBitPUF_drc_opted.rpt"/>
  <File Type="OPT-HWDEF" Name="OneBitPUF.hwdef"/>
  <File Type="PLACE-IO" Name="OneBitPUF_io_placed.rpt"/>
  <File Type="PLACE-UTIL" Name="OneBitPUF_utilization_placed.rpt"/>
  <File Type="PLACE-UTIL-PB" Name="OneBitPUF_utilization_placed.pb"/>
  <File Type="ROUTE-RQS" Name="OneBitPUF_routed.rqs"/>
  <File Type="PLACE-CTRL" Name="OneBitPUF_control_sets_placed.rpt"/>
  <File Type="ROUTE-RQS-RPT" Name="route_report_qor_suggestions_0.rpt"/>
  <File Type="PLACE-PRE-SIMILARITY" Name="OneBitPUF_incremental_reuse_pre_placed.rpt"/>
  <File Type="POSTROUTE-PHYSOPT-RQS-RPT" Name="postroute_physopt_report_qor_suggestions_0.rpt"/>
  <File Type="ROUTE-DRC" Name="OneBitPUF_drc_routed.rpt"/>
  <File Type="ROUTE-DRC-PB" Name="OneBitPUF_drc_routed.pb"/>
  <File Type="ROUTE-PWR-RPX" Name="OneBitPUF_power_routed.rpx"/>
  <File Type="ROUTE-STATUS" Name="OneBitPUF_route_status.rpt"/>
  <File Type="ROUTE-STATUS-PB" Name="OneBitPUF_route_status.pb"/>
  <File Type="ROUTE-DCP" Name="OneBitPUF_routed.dcp"/>
  <File Type="ROUTE-ERROR-DCP" Name="OneBitPUF_routed_error.dcp"/>
  <File Type="ROUTE-BLACKBOX-DCP" Name="OneBitPUF_routed_bb.dcp"/>
  <File Type="ROUTE-TIMINGSUMMARY" Name="OneBitPUF_timing_summary_routed.rpt"/>
  <File Type="ROUTE-TIMING-PB" Name="OneBitPUF_timing_summary_routed.pb"/>
  <File Type="ROUTE-TIMING-RPX" Name="OneBitPUF_timing_summary_routed.rpx"/>
  <File Type="ROUTE-BUS-SKEW" Name="OneBitPUF_bus_skew_routed.rpt"/>
  <File Type="ROUTE-BUS-SKEW-PB" Name="OneBitPUF_bus_skew_routed.pb"/>
  <File Type="ROUTE-BUS-SKEW-RPX" Name="OneBitPUF_bus_skew_routed.rpx"/>
  <File Type="OPT-DCP" Name="OneBitPUF_opt.dcp"/>
  <File Type="PLACE-DCP" Name="OneBitPUF_placed.dcp"/>
  <File Type="PWROPT-DCP" Name="OneBitPUF_pwropt.dcp"/>
  <File Type="POSTPLACE-PWROPT-DCP" Name="OneBitPUF_postplace_pwropt.dcp"/>
  <File Type="PHYSOPT-DCP" Name="OneBitPUF_physopt.dcp"/>
  <File Type="POSTROUTE-PHYSOPT-DCP" Name="OneBitPUF_postroute_physopt.dcp"/>
  <File Type="POSTROUTE-PHYSOPT-BLACKBOX-DCP" Name="OneBitPUF_postroute_physopt_bb.dcp"/>
  <File Type="ROUTE-DRC-RPX" Name="OneBitPUF_drc_routed.rpx"/>
  <File Type="ROUTE-METHODOLOGY-DRC-RPX" Name="OneBitPUF_methodology_drc_routed.rpx"/>
  <File Type="PDI-FILE" Name="OneBitPUF.pdi"/>
  <File Type="RCFI_FILE" Name="OneBitPUF.rcfi"/>
  <File Type="CFI_FILE" Name="OneBitPUF.cfi"/>
  <File Type="RNPI_FILE" Name="OneBitPUF.rnpi"/>
  <File Type="NPI_FILE" Name="OneBitPUF.npi"/>
  <File Type="RBD_FILE" Name="OneBitPUF.rbd"/>
  <File Type="POSTROUTE-PHYSOPT-RQS" Name="OneBitPUF_postroute_physopted.rqs"/>
  <FileSet Name="sources" Type="DesignSrcs" RelSrcDir="$PSRCDIR/sources_1" RelGenDir="$PGENDIR/sources_1">
    <Filter Type="Srcs"/>
    <File Path="$PSRCDIR/sources_1/new/proj.vhd">
      <FileInfo>
        <Attr Name="UsedIn" Val="synthesis"/>
        <Attr Name="UsedIn" Val="simulation"/>
      </FileInfo>
    </File>
    <Config>
      <Option Name="DesignMode" Val="RTL"/>
      <Option Name="TopModule" Val="OneBitPUF"/>
      <Option Name="TopAutoSet" Val="TRUE"/>
    </Config>
  </FileSet>
  <FileSet Name="constrs_in" Type="Constrs" RelSrcDir="$PSRCDIR/constrs_1">
    <Filter Type="Constrs"/>
    <File Path="$PPRDIR/../Desktop/sem3/PGA/PYNQ-Z2 v1.0.xdc">
      <FileInfo>
        <Attr Name="UsedIn" Val="synthesis"/>
        <Attr Name="UsedIn" Val="implementation"/>
      </FileInfo>
    </File>
    <Config>
      <Option Name="ConstrsType" Val="XDC"/>
    </Config>
  </FileSet>
  <FileSet Name="utils" Type="Utils" RelSrcDir="$PSRCDIR/utils_1">
    <Filter Type="Utils"/>
    <File Path="$PSRCDIR/utils_1/imports/synth_1/OneBitPUF.dcp">
      <FileInfo>
        <Attr Name="UsedIn" Val="synthesis"/>
        <Attr Name="UsedIn" Val="implementation"/>
        <Attr Name="UsedInSteps" Val="synth_1"/>
        <Attr Name="AutoDcp" Val="1"/>
      </FileInfo>
    </File>
    <Config>
      <Option Name="TopAutoSet" Val="TRUE"/>
    </Config>
  </FileSet>
  <Strategy Version="1" Minor="2">
    <StratHandle Name="Vivado Implementation Defaults" Flow="Vivado Implementation 2022"/>
    <Step Id="init_design"/>
    <Step Id="opt_design"/>
    <Step Id="power_opt_design"/>
    <Step Id="place_design"/>
    <Step Id="post_place_power_opt_design"/>
    <Step Id="phys_opt_design"/>
    <Step Id="route_design"/>
    <Step Id="post_route_phys_opt_design"/>
    <Step Id="write_bitstream"/>
    <Step Id="write_device_image"/>
  </Strategy>
</GenRun>
